ID,Date,Time,NTemp,PTemp,OTemp,ATemp,NDew,PDew,ODew,ADew,NHumidity,PHumidity,OHumidity ,AHumidity,NPressure,PPressure,OPressure,NRain,PRain,ORain,ARain
1,14,11:52,49,49.1,52.4,43.3,26,25.70,25.7,28.2,41,40,35,55,30.4,30.46,30.34,0,0,0,0
2,14,12:52,49,48.9,48.6,45.7,25,25.50,24.7,28.2,39,40,39,50,30.37,30.47,30.32,0,0,0,0
3,14,13:52,50,47.9,48.7,48,27,24.00,25.6,28.5,41,39,40,47,30.36,30.48,30.3,0,0,0,0
4,14,14:52,50,47.8,48.5,47.6,25,23.00,25,28.3,38,38,40,47,30.35,30.5,30.3,0,0,0,0
5,14,15:52,50,47.5,48.1,46.7,25,24.10,25.5,27.4,38,40,41,47,30.35,30.53,30.3,0,0,0,0
6,14,16:52,48,46.5,47.6,45.3,24,23.20,25.6,27.8,39,40,42,50,30.37,30.55,30.31,0,0,0,0
7,14,17:52,46,46.0,46.4,43.3,24,22.20,25.8,28.4,42,39,44,55,30.38,30.58,30.32,0,0,0,0
8,14,18:52,44,45.5,45.7,42.1,26,23.10,26.8,28.7,49,41,47,59,30.39,30.6,30.34,0,0,0,0
9,14,19:52,43,45.3,45.1,41.1,30,21.20,27.3,29.1,60,38,49,62,30.4,30.62,30.34,0,0,0,0
10,14,20:52,43,44.4,43.5,40,31,22.20,27.4,29.6,63,41,53,66,30.41,30.64,30.36,0,0,0,0
11,14,21:52,42,43.3,42.1,39.4,29,23.10,27.6,29.2,60,45,56,67,30.43,30.65,30.38,0,0,0,0
12,14,22:52,41,42.9,41.2,38.4,28,23.90,27.1,29,60,47,57,69,30.43,30.65,30.37,0,0,0,0
13,14,23:52,40,42.8,40.3,37.9,28,22.50,27.1,29.1,63,45,59,70,30.41,30.66,30.36,0,0,0,0
14,15,0:52,39,40.4,39.6,37.6,29,26.80,27.4,29.1,67,59,62,71,30.41,30.82,30.36,0,0,0,0
15,15,1:52,38,40.0,39.1,37,29,27.00,27.6,29.1,70,60,63,73,30.41,30.82,30.36,0,0,0,0
16,15,2:52,37,39.9,38.7,37.5,29,27.10,28.1,29.6,73,61,66,73,30.41,30.81,30.35,0,0,0,0
17,15,3:52,37,39.0,38.7,36.6,29,26.80,28,29.1,73,62,65,74,30.41,30.81,30.36,0,0,0,0
18,15,4:52,36,38.4,38,36,30,27.90,28.8,29.8,79,66,69,78,30.43,30.83,30.37,0,0,0,0
19,15,5:52,36,38.2,37.8,35.8,30,28.70,29.1,29.9,79,69,71,79,30.43,30.83,30.37,0,0,0,0
20,15,6:52,37,38.3,37.9,36,30,29.20,29.9,30.7,76,70,73,81,30.44,30.84,30.38,0,0,0,0
21,15,7:52,38,38.8,38.4,37.1,32,29.50,30.1,31.3,79,70,72,79,30.43,30.83,30.38,0,0,0,0
22,15,8:52,40,40.4,39.4,39.3,33,30.00,30.8,32.4,77,66,71,76,30.42,30.81,30.36,0,0,0,0
23,15,9:52,43,42.3,43.2,42.4,34,30.20,32,33.6,71,62,64,71,30.43,30.82,30.37,0,0,0,0
24,15,10:52,44,43.2,42.8,42.6,33,30.30,31.5,33.6,65,61,64,70,30.4,30.82,30.35,0,0,0,0
25,15,11:52,44,43.3,43.2,42.9,33,32.20,33,35.4,65,65,67,75,30.38,30.79,30.33,0,0,0,0
26,15,12:52,43,42.8,42.9,41.8,35,35.50,35.3,38.2,74,76,74,87,30.33,30.73,30.28,0.01,0,0.01,0.01
27,15,13:52,43,43.1,42.8,42.5,37,37.00,35.8,38.6,80,79,76,86,30.27,30.67,30.22,0,0,0,0.01
28,15,14:52,43,42.8,42.4,41.4,37,36.80,36.7,37.8,80,80,80,87,30.24,30.64,30.18,0.01,0,0.01,0
29,15,15:52,43,42.2,42.3,41.4,38,38.70,38.7,39.1,82,87,87,92,30.25,30.65,30.19,0.02,0.03,0.03,0.05
30,15,16:52,42,41.1,41.5,40.8,39,39.50,39.1,39.7,89,94,91,96,30.21,30.65,30.17,0.07,0.14,0.06,0.11
31,15,17:52,42,40.4,40.8,40.1,40,39.20,39,39.4,92,95,94,97,30.21,30.62,30.16,0.18,0.31,0.11,0.21
32,15,18:52,41,40.2,40.4,39.7,39,39.20,38.2,39.4,93,96,92,99,30.14,30.57,30.11,0.25,0.29,0.12,0.24
33,15,19:52,41,40.8,40.7,40,39,39.70,38.9,39.8,93,96,94,99,30.15,30.56,30.11,0.28,0.69,0.18,0.34
34,15,20:52,41,40.5,40.5,39.9,39,39.60,39,39.7,93,97,95,99,30.13,30.53,30.07,0.21,0.82,0.2,0.29
35,15,21:52,41,40.4,40.3,39.7,39,39.50,38.8,39.6,93,97,95,99,30.11,30.52,30.06,0.11,0.22,0.09,0.11
36,15,22:52,41,40.1,40.1,39.6,39,39.30,38.7,39.4,93,97,95,99,30.06,30.46,30.01,0.08,0.06,0.04,0.02
37,15,23:52,42,40.6,41,39.1,40,39.70,39.6,38.9,92,97,95,99,30.03,30.43,29.97,0,0,0,0
38,16,0:52,41,40.6,41.1,40.1,39,39.70,39.7,39.9,93,97,95,99,30.02,30.42,29.97,0,0,0,0
39,16,1:52,40,39.3,39.9,38.7,38,38.40,38.1,38.5,93,97,94,99,30,30.41,29.95,0,0,0,0
40,16,2:52,41,39.5,39.9,38.8,38,38.60,38.2,38.7,89,97,94,99,30.02,30.42,29.96,0,0,0,0
41,16,3:52,41,39.5,39.9,38.8,38,38.60,38.1,38.7,89,97,94,99,30.01,30.42,29.96,0,0,0,0
42,16,4:52,40,39.3,40,38.5,38,38.40,37.9,38.3,93,97,92,99,30.02,30.42,29.96,0,0,0,0
43,16,5:52,40,38.8,39.6,37.7,37,37.70,37.2,37.5,89,96,91,99,30.04,30.43,29.98,0,0,0,0
44,16,6:52,39,38.6,39.4,37.2,35,37.70,37,37,86,97,91,99,30.04,30.44,29.98,0,0,0,0
45,16,7:52,42,39.0,41.4,37.9,37,37.80,37.9,37.7,82,96,87,99,30.05,30.46,30,0,0,0,0
46,16,8:52,46,40.8,45,39.6,39,39.20,39.3,38.9,77,94,80,97,30.07,30.47,30.01,0,0,0,0
47,16,9:52,49,42.9,48.6,42,40,40.90,40.3,40.7,71,93,73,95,30.07,30.47,30.02,0,0,0,0
48,16,10:52,52,45.9,54.2,45.5,37,38.60,40.3,40,57,76,59,81,30.07,30.47,30.02,0,0,0,0
49,16,11:52,51,47.1,50,47.9,35,35.20,36.3,39.6,54,63,59,73,30.05,30.45,30,0,0,0,0
50,16,12:52,53,48.5,50.3,48.5,36,34.40,36.3,37.8,52,58,58,66,30.04,30.45,29.99,0,0,0,0
51,16,13:52,53,49.2,50.3,49.6,34,32.80,34.2,37.3,48,53,54,63,30.04,30.44,29.98,0,0,0,0
52,16,14:52,52,49.8,49.2,48.8,32,30.30,32.2,35,47,47,52,59,30.02,30.44,29.98,0,0,0,0
53,16,15:52,50,49.4,48.5,47,31,28.80,30.9,33.1,48,45,51,58,30.03,30.43,29.97,0,0,0,0
54,16,16:52,47,47.4,46.8,45,29,28.40,30.1,32.3,50,48,52,61,30.04,30.45,29.99,0,0,0,0
55,16,17:52,45,45.8,45.3,43.4,29,28.50,30.4,32.3,54,51,56,65,30.06,30.47,30.01,0,0,0,0
56,16,18:52,45,45.1,44.6,43.1,29,27.50,29.5,31.6,54,50,55,64,30.06,30.46,30.01,0,0,0,0
57,16,19:52,45,44.7,44.2,43,28,26.10,28.3,30,52,48,53,60,30.07,30.47,30.01,0,0,0,0
58,16,20:52,44,44.0,43.7,42.1,26,23.90,26.2,28.5,49,45,50,58,30.08,30.48,30.02,0,0,0,0
59,16,21:52,44,44.0,43.5,42.1,25,23.20,25.8,27.9,47,44,49,57,30.07,30.47,30.01,0,0,0,0
60,16,22:52,44,43.6,43.3,41.5,25,23.80,26.1,27.9,47,46,51,58,30.06,30.46,30,0,0,0,0
61,16,23:52,43,43.3,43.1,41.2,25,24.50,26.7,28.6,49,48,52,61,30.05,30.46,30,0,0,0,0
62,17,0:52,43,42.9,42.8,41,26,24.60,26.7,28.9,51,49,53,62,30.04,30.45,29.99,0,0,0,0
63,17,1:52,41,42.3,41.9,39.9,26,24.30,26.4,28.2,55,49,54,62,30.04,30.44,29.98,0,0,0,0
64,17,2:52,40,41.3,41.4,38.3,27,24.70,26.1,28.1,60,52,55,66,30.03,30.44,29.98,0,0,0,0
65,17,3:52,41,41.0,40.9,39.6,25,23.50,25.6,27.4,53,50,54,61,30.05,30.45,29.99,0,0,0,0
66,17,4:52,41,41.5,41.3,39.4,21,20.30,22.8,25.4,45,43,48,57,30.05,30.46,30,0,0,0,0
67,17,5:52,38,40.0,39.7,38,20,19.70,21.5,23.8,48,44,48,56,30.07,30.47,30.01,0,0,0,0
68,17,6:52,38,39.3,39.2,37.1,18,17.00,19.4,21.9,44,40,45,54,30.07,30.47,30.01,0,0,0,0
69,17,7:52,40,39.5,42.2,37.6,18,15.70,18.4,20.9,41,38,38,51,30.1,30.5,30.04,0,0,0,0
70,17,8:52,42,40.4,46,38.5,18,15.80,19.1,20.8,38,37,34,49,30.11,30.52,30.06,0,0,0,0
71,17,9:52,43,40.8,45.6,38.6,19,17.70,20.7,22.6,38,39,37,52,30.13,30.53,30.07,0,0,0,0
72,17,10:52,44,41.3,46.3,39.7,22,19.30,22.1,24,41,41,38,53,30.12,30.52,30.06,0,0,0,0
73,17,11:52,45,42.3,46.6,40.8,23,20.10,22.8,24.8,42,41,39,53,30.13,30.53,30.06,0,0,0,0
74,17,12:52,44,43.1,44.2,41.9,22,20.10,22.2,25.1,41,40,41,51,30.13,30.53,30.07,0,0,0,0
75,17,13:52,42,42.9,43.3,42.2,22,19.50,21.9,24.7,45,39,43,50,30.13,30.53,30.07,0,0,0,0
76,17,14:52,44,42.7,43.1,41.7,22,19.80,22.2,24.6,41,40,43,51,30.13,30.54,30.07,0,0,0,0
77,17,15:52,42,41.5,42,40.3,21,19.90,22.3,24.9,43,42,45,54,30.16,30.56,30.1,0,0,0,0
78,17,16:52,41,41.0,41,39.5,21,20.40,22.3,24.9,45,44,47,56,30.15,30.56,30.1,0,0,0,0
79,17,17:52,40,40.2,40.2,38.5,21,20.80,23.2,25,47,46,50,58,30.17,30.56,30.11,0,0,0,0
80,17,18:52,39,39.5,39.5,37.7,21,20.80,22.8,24.9,48,47,51,60,30.19,30.59,30.12,0,0,0,0
81,17,19:52,39,39.7,39.6,37.8,20,19.50,21.7,23.9,46,45,48,57,30.19,30.59,30.14,0,0,0,0
82,17,20:52,39,39.2,39,37.1,21,19.70,21.9,24,48,46,50,59,30.2,30.61,30.15,0,0,0,0
83,17,21:52,38,38.6,38.3,36.8,21,20.00,21.8,23.9,51,47,51,59,30.2,30.61,30.15,0,0,0,0
84,17,22:52,37,37.9,37.4,36.1,22,21.00,22.6,24.7,54,51,55,63,30.2,30.61,30.15,0,0,0,0
85,17,23:52,37,37.6,37.3,35.8,20,20.20,22.1,24,50,49,54,62,30.2,30.61,30.15,0,0,0,0
86,18,0:52,36,37.4,36.9,35.1,20,19.90,21.5,23.1,52,49,53,61,30.19,30.59,30.13,0,0,0,0
87,18,1:52,33,36.6,36.5,34.6,22,19.80,21.8,23.1,64,51,55,62,30.19,30.59,30.13,0,0,0,0
88,18,2:52,31,36.4,36.5,33.8,22,21.00,21.6,23.7,69,54,54,66,30.2,30.6,30.14,0,0,0,0
89,18,3:52,31,35.8,35.9,33.1,22,20.30,21.6,23.5,69,53,56,68,30.21,30.61,30.15,0,0,0,0
90,18,4:52,33,36.1,36.1,34.1,21,20.50,21.6,23,61,53,55,64,30.22,30.62,30.16,0,0,0,0
91,18,5:52,33,36.6,36.6,35,22,19.40,21.1,23.2,64,50,53,62,30.23,30.64,30.17,0,0,0,0
92,18,6:52,33,36.6,36.9,35.1,21,19.30,20.7,23,61,49,52,61,30.24,30.64,30.18,0,0,0,0
93,18,7:52,36,36.5,39.6,34.6,21,19.80,21.6,23.3,55,51,48,63,30.26,30.66,30.2,0,0,0,0
94,18,8:52,39,38.4,43.6,37,22,19.40,21.6,23.6,50,47,41,58,30.26,30.66,30.2,0,0,0,0
95,18,9:52,41,40.7,46,38.4,24,18.90,21.6,23.6,51,42,38,55,30.22,30.63,30.16,0,0,0,0
96,18,10:52,43,42.0,47.1,40.6,25,18.90,21.6,23.4,49,39,36,50,30.21,30.62,30.16,0,0,0,0
97,18,11:52,45,44.0,48.6,42.2,22,17.30,20.6,22.7,40,34,33,46,30.19,30.6,30.13,0,0,0,0
98,18,12:52,48,45.9,46.9,44.1,22,18.10,20.2,23.2,36,33,34,43,30.16,30.56,30.11,0,0,0,0
99,18,13:52,49,46.6,47.3,47,22,18.70,20.7,24.4,35,33,35,41,30.15,30.55,30.09,0,0,0,0
100,18,14:52,47,48.2,47.8,47.4,22,19.70,21.4,25,37,32,35,41,30.13,30.54,30.08,0,0,0,0
101,18,15:52,47,47.4,47.3,45.9,22,20.60,22.3,24.7,37,34,37,43,30.13,30.53,30.07,0,0,0,0
102,18,16:52,47,47.3,47.1,45.9,23,21.60,22.8,25.8,39,36,38,45,30.13,30.53,30.07,0,0,0,0
103,18,17:52,47,47.4,47.3,45.5,23,22.30,24.4,27.4,39,37,40,49,30.15,30.55,30.1,0,0,0,0
104,18,18:52,46,45.5,45.4,44.2,26,27.40,28.9,31,46,49,52,59,30.17,30.58,30.12,0,0,0,0
105,18,19:52,44,43.9,43.8,42.4,23,21.10,23,25.4,43,40,44,51,30.21,30.62,30.16,0,0,0,0
106,18,20:52,41,42.1,41.9,40.2,22,20.00,22,24.1,47,41,45,52,30.23,30.63,30.17,0,0,0,0
107,18,21:52,40,40.9,40.6,38.8,21,18.20,20.1,22.3,47,40,43,51,30.24,30.64,30.18,0,0,0,0
108,18,22:52,39,39.6,39.3,37.8,19,17.70,19.7,21.8,45,41,45,52,30.26,30.66,30.2,0,0,0,0
109,18,23:52,37,38.1,37.7,36.1,20,18.80,20.8,22.8,50,46,50,58,30.27,30.67,30.21,0,0,0,0
110,19,0:52,36,37.2,37,35.6,21,18.60,20.6,22.4,55,47,51,59,30.27,30.68,30.21,0,0,0,0
111,19,1:52,35,36.4,36.1,34.6,19,16.30,18.6,20.6,52,44,49,56,30.28,30.67,30.22,0,0,0,0
112,19,2:52,35,35.7,35.5,34,17,15.30,17.4,19.7,48,43,47,55,30.29,30.68,30.22,0,0,0,0
113,19,3:52,34,35.4,35.1,33.5,17,15.10,17,18.9,50,43,47,55,30.28,30.69,30.23,0,0,0,0
114,19,4:52,32,34.7,34.3,32.4,18,15.40,16.9,19.1,56,45,48,58,30.28,30.68,30.22,0,0,0,0
115,19,5:52,33,34.3,34.2,32.4,17,15.60,16.8,19.1,52,46,48,58,30.3,30.71,30.24,0,0,0,0
116,19,6:52,33,34.7,34.5,33,18,15.90,17.2,19.8,54,46,49,58,30.32,30.72,30.26,0,0,0,0
117,19,7:52,34,35.6,35.4,34.2,18,16.20,17.5,20.3,52,45,48,57,30.33,30.72,30.27,0,0,0,0
118,19,8:52,37,36.5,37.1,35.5,20,16.20,17.7,20.3,50,43,45,53,30.33,30.73,30.27,0,0,0,0
119,19,9:52,39,37.9,40.7,36.6,22,16.80,18.8,20.4,50,42,41,52,30.31,30.71,30.25,0,0,0,0
120,19,10:52,41,40.0,44.1,38,20,18.20,20.8,22.7,43,41,39,54,30.3,30.69,30.24,0,0,0,0
121,19,11:52,44,42.3,45.8,40.2,21,16.70,20.2,22.3,40,36,36,49,30.25,30.65,30.19,0,0,0,0
122,19,12:52,45,46.6,44.6,43,22,18.80,20,23.6,40,33,37,46,30.21,30.62,30.15,0,0,0,0
123,19,13:52,46,47.0,44.7,45.9,23,21.50,22.9,27,40,37,42,47,30.18,30.58,30.13,0,0,0,0
124,19,14:52,47,46.7,45.2,45.2,21,20.30,21.7,25.3,36,35,39,45,30.15,30.56,30.1,0,0,0,0
125,19,15:52,46,46.8,45.9,44.8,23,19.50,20.6,24.1,40,34,36,44,30.13,30.53,30.07,0,0,0,0
126,19,16:52,44,46.1,45.6,43.7,20,18.80,19.9,23.6,38,34,36,45,30.12,30.53,30.07,0,0,0,0
127,19,17:52,42,45.3,45,40.2,23,20.10,21.2,25.1,47,37,39,54,30.11,30.51,30.06,0,0,0,0
128,19,18:52,40,44.3,43.9,37.7,26,23.60,22.3,27,58,44,42,65,30.11,30.51,30.05,0,0,0,0
129,19,19:52,40,43.5,43.2,38.4,25,21.50,22.8,26.4,55,42,44,62,30.1,30.51,30.04,0,0,0,0
130,19,20:52,40,43.1,43,37.9,25,22.10,23.3,26.7,55,43,45,64,30.08,30.48,30.02,0,0,0,0
131,19,21:52,39,41.5,42.3,35.9,27,22.90,23.8,26.7,62,48,48,69,30.08,30.48,30.02,0,0,0,0
132,19,22:52,38,40.8,41.6,35.7,26,24.10,24.1,27.1,62,51,50,71,30.06,30.46,29.99,0,0,0,0
133,19,23:52,37,40.7,39.9,36,27,20.80,22.8,24.9,67,45,50,64,30.05,30.45,29.99,0,0,0,0
134,20,0:52,36,38.6,38.5,36.8,26,20.90,21.8,22.5,67,49,51,56,30.07,30.47,30.01,0,0,0,0
135,20,1:52,37,39.5,38.8,37.5,17,13.20,15.4,17.8,44,34,38,45,30.09,30.5,30.04,0,0,0,0
136,20,2:52,38,39.2,38.6,37.3,12,10.60,12.8,15.6,34,31,34,41,30.1,30.5,30.05,0,0,0,0
137,20,3:52,38,38.9,38.1,37,11,9.20,11.1,14.3,33,29,32,39,30.13,30.53,30.08,0,0,0,0
138,20,4:52,37,37.5,37.1,35.7,9,8.10,10,13.3,31,29,32,39,30.15,30.55,30.09,0,0,0,0
139,20,5:52,36,36.6,36.3,34.5,9,8.80,10.5,13.2,32,31,34,41,30.18,30.58,30.12,0,0,0,0
140,20,6:52,35,35.3,34.9,33.5,12,11.30,13.1,15.5,38,37,40,47,30.21,30.62,30.15,0,0,0,0
141,20,7:52,34,33.9,35.8,32.2,8,7.80,10.1,12.3,34,33,34,43,30.26,30.67,30.21,0,0,0,0
142,20,8:52,34,33.1,37.3,31.3,5,3.30,5.6,7.5,29,28,26,36,30.31,30.7,30.24,0,0,0,0
143,20,9:52,34,33.0,38.4,31.4,4,2.70,5.5,7.7,28,27,25,36,30.34,30.73,30.27,0,0,0,0
144,20,10:52,36,33.9,38.5,32.5,6,3.10,5.6,7.6,28,27,25,35,30.33,30.73,30.27,0,0,0,0
145,20,11:52,38,41.1,41.1,33.4,7,5.20,7.1,8.3,27,22,24,34,30.31,30.71,30.26,0,0,0,0
146,20,12:52,39,40.0,38.3,35.2,7,5.50,6.6,9.4,26,24,26,34,30.29,30.69,30.24,0,0,0,0
147,20,13:52,39,38.3,38,37,6,3.60,4.7,7.8,25,23,24,29,30.29,30.69,30.23,0,0,0,0
148,20,14:52,40,39.0,38.1,37.2,2,1.50,2.4,5.5,20,20,22,26,30.3,30.71,30.26,0,0,0,0
149,20,15:52,39,38.5,37.8,36.5,2,2.70,2.9,6.4,21,22,23,28,30.32,30.72,30.27,0,0,0,0
150,20,16:52,37,37.4,37.2,35.1,0,2.50,3.4,6.6,20,23,24,30,30.34,30.74,30.29,0,0,0,0
151,20,17:52,36,35.9,36,33.5,1,4.00,3.3,7.2,22,26,25,33,30.37,30.77,30.32,0,0,0,0
152,20,18:52,35,35.4,35.4,32.6,1,4.40,4,8.7,23,27,26,36,30.4,30.79,30.36,0,0,0,0
153,20,19:52,33,34.3,34.4,31.2,5,6.30,5.1,8.1,30,31,29,37,30.41,30.81,30.37,0,0,0,0
154,20,20:52,32,33.4,33.7,30.7,5,6.70,5.8,9.6,32,32,30,41,30.43,30.82,30.37,0,0,0,0
155,20,21:52,31,32.9,33.2,30.2,6,6.10,6,9.6,35,32,31,42,30.42,30.83,30.38,0,0,0,0
156,20,22:52,31,32.7,32.6,29.5,6,7.70,6.4,9.9,35,35,33,43,30.45,30.85,30.4,0,0,0,0
157,20,23:52,31,31.6,32,29.3,6,6.00,5.8,9.3,35,33,33,43,30.46,30.86,30.41,0,0,0,0
158,21,0:52,30,31.1,31.8,28.6,9,6.80,5.7,10.4,41,35,33,46,30.47,30.86,30.41,0,0,0,0
159,21,1:52,31,30.9,31.5,28.5,9,8.10,5.7,11.5,40,38,33,49,30.49,30.88,30.43,0,0,0,0
160,21,2:52,29,30.5,31.5,28.2,13,12.90,8.4,11.9,51,47,37,50,30.51,30.9,30.45,0,0,0,0
161,21,3:52,30,30.7,31.8,28.3,13,13.00,9.1,15,49,47,38,57,30.51,30.9,30.46,0,0,0,0
162,21,4:52,26,30.3,31.5,28.4,15,14.70,14.3,15.6,63,51,49,58,30.52,30.91,30.46,0,0,0,0
163,21,5:52,27,30.9,30.9,29.3,13,11.80,10.9,14.6,55,44,43,54,30.53,30.92,30.48,0,0,0,0
164,21,6:52,29,31.4,31.1,28.8,14,10.30,12.1,14.3,54,41,45,54,30.53,30.92,30.48,0,0,0,0
165,21,7:52,31,31.1,34.4,30.7,16,14.40,12.2,14.5,54,50,39,51,30.53,30.92,30.48,0,0,0,0
166,21,8:52,35,33.7,38.4,32.5,15,10.60,13.2,15.3,44,38,35,49,30.54,30.93,30.49,0,0,0,0
167,21,9:52,37,36.5,40.8,34.8,12,7.50,8.9,12,36,29,26,39,30.52,30.92,30.47,0,0,0,0
168,21,10:52,41,39.1,44.3,36.6,15,10.60,11.7,14.6,35,31,26,40,30.5,30.9,30.45,0,0,0,0
169,21,11:52,44,47.6,45.4,38.8,18,12.90,13.7,16.9,35,25,27,41,30.46,30.86,30.41,0,0,0,0
170,21,12:52,46,47.8,45.1,42.5,21,16.00,17,20.3,37,28,32,41,30.41,30.82,30.36,0,0,0,0
171,21,13:52,47,47.1,46.1,46.3,23,17.00,19.7,21.6,39,30,35,37,30.38,30.78,30.33,0,0,0,0
172,21,14:52,48,48.0,46.3,46.5,25,21.10,21,24.1,41,34,36,41,30.35,30.75,30.3,0,0,0,0
173,21,15:52,49,48.3,48,46.3,19,18.60,20.4,23.2,31,31,33,40,30.34,30.74,30.29,0,0,0,0
174,21,16:52,45,48.0,47.9,45.2,27,18.60,20,22.9,49,31,33,41,30.33,30.73,30.28,0,0,0,0
175,21,17:52,43,46.9,46.9,42.6,21,18.80,20.1,23.6,42,33,34,47,30.33,30.73,30.28,0,0,0,0
176,21,18:52,42,45.8,46.1,42.5,27,18.50,19.5,24,55,33,34,48,30.33,30.72,30.28,0,0,0,0
177,21,19:52,41,44.8,45.1,40.8,22,19.00,20.5,24.5,47,36,37,52,30.33,30.73,30.28,0,0,0,0
178,21,20:52,42,43.6,44.1,38.8,20,20.30,20.5,25.1,41,39,39,58,30.33,30.73,30.28,0,0,0,0
179,21,21:52,42,42.2,43,39.4,23,19.70,20.3,23.4,47,41,40,53,30.34,30.74,30.29,0,0,0,0
180,21,22:52,39,43.1,42.6,38.8,25,17.60,19.7,23.3,57,36,40,53,30.36,30.75,30.3,0,0,0,0
181,21,23:52,40,39.5,41.9,36.3,20,21.00,18.6,23.3,45,48,39,59,30.36,30.76,30.31,0,0,0,0
182,22,0:52,38,38.8,41.8,35.1,22,20.60,18.8,23.4,52,48,39,62,30.38,30.77,30.33,0,0,0,0
183,22,1:52,36,38.4,40.2,34.1,22,22.10,21.7,24.3,57,52,47,67,30.38,30.78,30.33,0,0,0,0
184,22,2:52,34,37.2,39.7,33.8,23,22.60,22.2,23.4,64,56,49,65,30.39,30.79,30.34,0,0,0,0
185,22,3:52,34,36.3,38.2,34.2,23,22.00,21.1,23.2,64,56,50,64,30.38,30.78,30.33,0,0,0,0
186,22,4:52,32,35.6,36.6,33.4,22,22.00,24,24,66,58,60,68,30.38,30.78,30.33,0,0,0,0
187,22,5:52,33,34.8,36.2,32.4,22,24.10,24.4,24.1,64,65,62,71,30.39,30.79,30.34,0,0,0,0
188,22,6:52,33,34.0,36.1,32.6,24,23.70,25.4,24.4,70,66,65,71,30.4,30.8,30.36,0,0,0,0
189,22,7:52,34,34.9,39.5,32.9,26,23.40,26.1,25.5,73,63,58,74,30.42,30.82,30.37,0,0,0,0
190,22,8:52,39,38.5,50.3,34.6,27,24.90,24.5,26.9,62,58,36,73,30.43,30.83,30.38,0,0,0,0
191,22,9:52,45,46.0,56.4,38.3,27,17.60,21.9,25.2,49,32,26,59,30.42,30.83,30.37,0,0,0,0
192,22,10:52,50,50.7,58.3,42.1,26,17.00,18.3,24,39,26,21,49,30.4,30.8,30.34,0,0,0,0
193,22,11:52,54,54.8,60.8,45.5,18,19.30,21.4,24.8,24,25,22,44,30.36,30.77,30.31,0,0,0,0
194,22,12:52,55,57.0,56.1,49,18,15.10,18.4,23.5,23,19,23,37,30.33,30.74,30.28,0,0,0,0
195,22,13:52,56,56.8,55.6,53.2,20,19.40,19.7,26,24,23,24,35,30.31,30.72,30.26,0,0,0,0
196,22,14:52,58,58.2,56.8,54.3,16,17.20,17.7,23.6,19,20,21,30,30.3,30.7,30.25,0,0,0,0
197,22,15:52,56,56.6,55.9,54.4,23,17.50,18.5,22.2,28,22,23,28,30.28,30.69,30.23,0,0,0,0
198,22,16:52,51,55.2,54.4,48.4,25,20.00,23.4,26.7,36,25,30,43,30.28,30.68,30.23,0,0,0,0
199,22,17:52,47,51.1,52.5,42.9,28,24.10,23.6,27.8,48,35,32,55,30.28,30.69,30.23,0,0,0,0
200,22,18:52,49,50.3,51.4,41,24,22.70,23.4,28.1,38,34,33,60,30.28,30.69,30.23,0,0,0,0
201,22,19:52,47,50.2,49.6,41.5,22,20.60,22.5,28.1,37,31,34,59,30.27,30.68,30.22,0,0,0,0
202,22,20:52,44,47.4,48.3,41,29,22.70,22.8,27.9,55,38,36,59,30.27,30.67,30.22,0,0,0,0
203,22,21:52,43,46.7,47.2,39.7,25,22.10,24.2,28.2,49,38,40,63,30.26,30.66,30.21,0,0,0,0
204,22,22:52,41,43.8,46,38.7,26,25.10,26,28.6,55,48,45,67,30.26,30.66,30.21,0,0,0,0
205,22,23:52,39,42.2,44.6,39.8,28,27.70,27.7,29.7,65,57,51,67,30.25,30.65,30.2,0,0,0,0
206,23,0:52,38,41.0,43.2,37.6,28,27.40,29.8,29.7,68,59,59,73,30.23,30.63,30.18,0,0,0,0
207,23,1:52,36,39.6,41.4,37.7,29,28.30,29.8,29.7,76,64,64,73,30.24,30.64,30.19,0,0,0,0
208,23,2:52,36,37.7,39.6,36.5,29,28.20,28.8,29.3,76,69,65,75,30.25,30.65,30.2,0,0,0,0
209,23,3:52,36,37.4,39.3,36.6,28,28.10,29.2,29,73,69,67,74,30.25,30.65,30.2,0,0,0,0
210,23,4:52,35,36.4,38.5,35.3,27,27.80,28.8,29.2,72,71,68,78,30.25,30.66,30.21,0,0,0,0
211,23,5:52,35,35.9,37.9,35.5,27,28.00,29,28.6,72,73,70,76,30.26,30.67,30.21,0,0,0,0
212,23,6:52,34,36.1,37.2,34.7,28,28.40,28.9,28.6,79,74,72,78,30.28,30.68,30.23,0,0,0,0
213,23,7:52,36,36.9,40.4,34.6,30,28.30,29.7,27.7,79,71,66,76,30.29,30.69,30.24,0,0,0,0
214,23,8:52,41,41.3,50.1,36.1,34,30.10,29.9,29.6,76,64,46,77,30.3,30.7,30.25,0,0,0,0
215,23,9:52,47,48.5,60.2,46.9,34,24.40,27.8,25.4,61,39,29,43,30.31,30.72,30.26,0,0,0,0
216,23,10:52,54,55.1,62.2,52.2,28,19.80,24.1,25.6,37,25,23,35,30.3,30.71,30.25,0,0,0,0
217,23,11:52,60,56.9,62.9,53.2,26,23.50,26.1,27.8,27,28,25,37,30.29,30.69,30.24,0,0,0,0
218,23,12:52,61,59.1,59.1,55.8,26,23.90,25.9,28.8,26,26,28,35,30.27,30.67,30.22,0,0,0,0
219,23,13:52,62,60.4,59.5,58.2,26,24.20,25.6,29.6,25,25,27,34,30.24,30.65,30.2,0,0,0,0
220,23,14:52,62,61.1,59.4,58.4,26,24.10,25.5,30,25,24,27,34,30.24,30.64,30.19,0,0,0,0
221,23,15:52,59,60.6,58.8,56.7,27,24.20,25.9,30,29,25,28,36,30.25,30.66,30.2,0,0,0,0
222,23,16:52,56,57.5,57.4,51.4,25,26.10,26,31.4,30,30,30,46,30.26,30.67,30.22,0,0,0,0
223,23,17:52,56,52.5,54.6,46.5,25,28.70,28.1,32.1,30,40,36,57,30.27,30.68,30.23,0,0,0,0
224,23,18:52,50,49.9,51.9,44.1,30,29.80,29.3,31.7,46,46,42,62,30.29,30.69,30.24,0,0,0,0
225,23,19:52,45,47.8,50.7,43.9,36,30.20,30.7,31.6,71,51,46,62,30.31,30.71,30.26,0,0,0,0
226,23,20:52,44,46.2,49.5,42.2,35,30.50,31.8,32,71,54,50,67,30.32,30.72,30.28,0,0,0,0
227,23,21:52,43,44.7,47.8,41.4,31,29.90,30.4,31.7,63,56,51,68,30.33,30.73,30.28,0,0,0,0
228,23,22:52,41,43.5,46.3,40.9,35,30.40,31.4,32.3,79,60,56,71,30.33,30.74,30.28,0,0,0,0
229,23,23:52,40,42.0,45.4,40.9,34,29.60,30.8,30.8,79,62,57,67,30.34,30.73,30.28,0,0,0,0
230,24,0:52,41,42.4,43.8,39.5,33,29.40,31.2,31.5,73,60,61,73,30.35,30.75,30.3,0,0,0,0
231,24,1:52,36,40.4,42.1,38.8,31,30.90,30.7,31.4,82,69,64,74,30.36,30.77,30.31,0,0,0,0
232,24,2:52,37,39.5,42.6,39.3,30,30.50,30.8,31.4,76,71,63,73,30.36,30.76,30.3,0,0,0,0
233,24,3:52,36,38.3,41.5,38.6,29,30.20,30.9,31,76,72,66,74,30.35,30.76,30.31,0,0,0,0
234,24,4:52,34,37.7,40.5,37.3,29,30.00,31.4,30.8,82,74,70,77,30.36,30.77,30.32,0,0,0,0
235,24,5:52,35,38.1,39.9,37.3,31,29.70,30.3,30.1,85,72,68,75,30.37,30.77,30.32,0,0,0,0
236,24,6:52,35,37.2,40.6,36.5,31,29.40,30.4,30.4,85,74,67,78,30.38,30.78,30.33,0,0,0,0
237,24,7:52,36,38.7,43.1,37.7,31,30.50,30,31.2,82,72,60,77,30.4,30.8,30.35,0,0,0,0
238,24,8:52,42,42.1,48.7,39.2,33,31.40,31.2,32.4,71,66,51,76,30.41,30.81,30.36,0,0,0,0
239,24,9:52,45,45.5,54,40.9,34,32.40,33.8,34,66,60,46,76,30.41,30.82,30.37,0,0,0,0
240,24,10:52,50,50.6,58.1,43.1,34,32.10,34,35.7,54,49,40,75,30.41,30.81,30.36,0,0,0,0
241,24,11:52,55,57.6,59.5,52.5,34,30.40,32.3,35.9,45,36,36,53,30.38,30.78,30.33,0,0,0,0
242,24,12:52,60,59.9,58.2,52.3,31,31.20,30.8,35.8,33,34,35,53,30.34,30.75,30.29,0,0,0,0
243,24,13:52,60,60.0,58.6,56.5,30,28.40,28.9,34.6,32,30,32,44,30.32,30.73,30.27,0,0,0,0
244,24,14:52,60,60.3,59.4,57.1,31,30.00,30.2,34.5,33,32,33,43,30.3,30.71,30.25,0,0,0,0
245,24,15:52,58,58.9,58.6,53.8,31,29.70,30.9,36,36,33,35,51,30.29,30.69,30.24,0,0,0,0
246,24,16:52,52,56.3,57.2,49.2,33,30.50,30.7,35,49,37,36,58,30.28,30.68,30.23,0,0,0,0
247,24,17:52,53,52.7,55.5,45.5,32,31.40,31.3,34.8,45,44,40,66,30.27,30.68,30.22,0,0,0,0
248,24,18:52,50,51.6,54.2,44.1,33,31.50,31.4,34.4,52,47,42,69,30.26,30.66,30.22,0,0,0,0
249,24,19:52,47,49.8,52.6,43.8,33,33.10,33,35.6,59,53,47,73,30.26,30.66,30.22,0,0,0,0
250,24,20:52,49,51.4,51.6,46.6,33,33.90,35.1,37.7,55,52,53,71,30.24,30.65,30.19,0,0,0,0
251,24,21:52,47,49.0,50.7,43.7,35,36.70,38,37.8,63,63,62,80,30.22,30.62,30.17,0,0,0,0
252,24,22:52,47,47.4,49.9,44.1,37,37.50,39.7,39.2,69,68,68,83,30.19,30.6,30.15,0,0,0,0
253,24,23:52,45,49.3,50,47.7,39,39.70,41.2,41.9,80,70,72,80,30.19,30.6,30.14,0,0,0,0
254,25,0:52,46,49.2,48.7,47.5,41,40.90,41.5,42.2,83,73,76,82,30.16,30.56,30.11,0,0,0,0
255,25,1:52,46,48.9,48.2,47.5,42,41.50,42.2,43,86,76,80,84,30.14,30.54,30.1,0,0,0,0
256,25,2:52,47,49.1,48.4,47.6,43,42.90,43.1,43.4,86,79,82,85,30.12,30.52,30.07,0,0,0,0
257,25,3:52,47,49.1,48.4,47.5,43,43.10,43.4,43.9,86,80,83,87,30.08,30.48,30.03,0,0,0,0
258,25,4:52,48,49.7,49.1,48.4,44,44.10,44.3,44.8,86,81,83,87,30.05,30.45,30,0,0,0,0
259,25,5:52,49,48.9,49.1,47.7,45,45.10,45.1,45.6,86,87,86,93,30.05,30.46,29.99,0.01,0.01,0.02,0.04
260,25,6:52,48,48.3,48.4,46.9,45,45.40,45.5,45.9,89,90,90,96,30.01,30.43,29.97,0.07,0.06,0.08,0.07
261,25,7:52,48,48.5,48.2,47,45,45.50,45.3,46,89,89,90,96,30,30.41,29.95,0.02,0.02,0.01,0.01
262,25,8:52,48,48.4,48.6,46.9,45,45.50,45.1,45.7,89,90,88,95,29.98,30.38,29.93,0.02,0.03,0.03,0.05
263,25,9:52,48,48.7,48.7,47.4,46,45.60,45.3,46.3,93,89,88,96,29.97,30.37,29.92,0.03,0.03,0.03,0.02
264,25,10:52,51,50.7,50.9,49.2,45,45.20,45.9,46.7,80,82,83,91,29.97,30.38,29.92,0,0,0,0
265,25,11:52,56,54.7,59.7,49.7,46,44.70,47,47,70,69,63,90,29.93,30.34,29.89,0,0,0,0
266,25,12:52,58,59.5,59,56.3,46,44.30,46.2,48,65,57,62,73,29.9,30.3,29.85,0,0,0,0
267,25,13:52,63,59.9,59.4,58.6,46,43.10,44.2,46.3,54,54,57,64,29.89,30.3,29.85,0,0.02,0,0
268,25,14:52,61,59.7,58.7,57.6,41,40.60,41.4,43.5,48,49,53,59,29.91,30.32,29.86,0,0,0,0
269,25,15:52,60,58.0,57.7,57,38,39.30,39.5,41.7,44,50,51,57,29.93,30.33,29.89,0,0,0,0
270,25,16:52,57,56.1,56.1,55,35,35.40,36,38.3,44,46,47,53,29.95,30.35,29.91,0,0,0,0
271,25,17:52,56,54.3,54.7,53.9,34,34.20,34.9,37.4,44,47,47,54,29.97,30.38,29.93,0,0,0,0
272,25,18:52,49,52.6,53.2,52,34,32.60,33.3,35.9,56,47,47,54,30,30.4,29.95,0,0,0,0
273,25,19:52,53,51.8,52,51,31,32.00,32.1,34.5,43,47,47,53,30.03,30.43,29.98,0,0,0,0
274,25,20:52,51,50.0,50.6,49.6,31,32.40,32.4,34.6,46,51,49,56,30.04,30.44,29.99,0,0,0,0
275,25,21:52,49,49.1,49.5,48.1,31,32.60,32.5,34.4,50,53,52,59,30.06,30.46,30.02,0,0,0,0
276,25,22:52,47,47.6,48.4,46.3,32,32.80,32.9,34.7,56,57,55,64,30.07,30.47,30.02,0,0,0,0
277,25,23:52,47,47.4,47.7,46.2,32,32.80,32.7,34.3,56,57,56,63,30.09,30.5,30.05,0,0,0,0
278,26,0:52,45,46.9,47.1,45.7,31,31.10,31.8,33.4,58,54,55,62,30.1,30.5,30.05,0,0,0,0
279,26,1:52,45,45.6,46.2,44.5,30,31.30,31.5,32.8,56,58,56,63,30.12,30.52,30.07,0,0,0,0
280,26,2:52,45,43.2,45.3,42.1,29,32.60,30.9,32.4,54,67,57,68,30.14,30.53,30.09,0,0,0,0
281,26,3:52,43,41.3,44.3,40.5,32,33.50,31,32.2,65,74,59,72,30.13,30.54,30.09,0,0,0,0
282,26,4:52,42,43.1,44.1,41.5,29,32.50,30.6,32,60,66,59,68,30.14,30.54,30.09,0,0,0,0
283,26,5:52,39,43.2,43.8,41.7,32,32.20,30.8,32,76,65,60,68,30.15,30.55,30.1,0,0,0,0
284,26,6:52,40,40.6,42.6,40.9,30,32.90,31.4,32.2,68,74,64,71,30.16,30.57,30.12,0,0,0,0
285,26,7:52,45,40.8,43.9,41.9,31,33.10,32,32.7,58,74,63,70,30.17,30.57,30.13,0,0,0,0
286,26,8:52,46,46.4,54.2,45.3,37,32.30,33.2,33.9,71,58,45,64,30.18,30.58,30.13,0,0,0,0
287,26,9:52,49,48.2,56.9,47.3,34,32.50,33.2,33.7,56,55,41,59,30.19,30.59,30.14,0,0,0,0
288,26,10:52,55,51.3,59.6,50.4,31,29.60,31.6,33.4,40,43,35,52,30.17,30.57,30.12,0,0,0,0
289,26,11:52,57,68.8,61.3,53.2,29,31.70,31.7,33.9,34,25,33,48,30.15,30.55,30.1,0,0,0,0
290,26,12:52,59,57.5,58.9,55,30,27.90,28.9,32.3,33,32,32,42,30.12,30.52,30.07,0,0,0,0
291,26,13:52,61,58.7,58.4,58,30,28.90,30.6,34.1,31,32,35,41,30.1,30.51,30.05,0,0,0,0
292,26,14:52,61,60.0,58.9,58,29,28.30,29.9,34,30,30,33,40,30.09,30.5,30.04,0,0,0,0
293,26,15:52,59,59.8,59.2,57.3,28,27.50,29,33,31,29,32,40,30.09,30.49,30.04,0,0,0,0
294,26,16:52,53,57.9,58.1,50.8,31,30.20,29.6,35.8,43,35,34,56,30.08,30.49,30.04,0,0,0,0
295,26,17:52,51,53.3,56.6,46.6,34,31.70,31.4,35.2,52,44,38,64,30.08,30.48,30.03,0,0,0,0
296,26,18:52,50,51.8,54.6,45.1,34,33.70,31.8,35.9,54,50,42,70,30.09,30.5,30.05,0,0,0,0
297,26,19:52,47,49.5,53.8,44.1,35,34.50,32.5,36,63,57,44,73,30.09,30.49,30.04,0,0,0,0
298,26,20:52,45,48.7,52.5,43.9,37,34.80,31.9,35.8,74,59,45,73,30.07,30.48,30.02,0,0,0,0
299,26,21:52,48,48.5,51.9,44,34,35.60,31.4,35.5,58,61,46,72,30.06,30.46,30,0,0,0,0
300,26,22:52,46,50.0,51.4,44.4,36,31.60,31.9,35.9,68,49,47,72,30.03,30.44,29.99,0,0,0,0
301,26,23:52,46,51.0,50.7,46.1,36,31.90,33.3,35.9,68,48,51,67,30.02,30.43,29.97,0,0,0,0
302,27,0:52,48,50.9,50.7,48.5,37,33.10,34.2,36.7,66,50,53,64,30,30.41,29.95,0,0,0,0
303,27,1:52,48,50.5,50.2,48.6,37,34.60,36,37.8,66,55,58,66,29.98,30.39,29.93,0,0,0,0
304,27,2:52,49,50.7,50.4,48.9,37,35.20,36.7,38.2,64,55,59,66,29.96,30.37,29.91,0,0,0,0
305,27,3:52,50,50.8,50.4,49.3,37,35.60,37.1,38.8,61,56,60,67,29.93,30.33,29.88,0,0,0,0
306,27,4:52,49,51.0,50.6,49.2,38,36.20,37.7,39.4,66,57,61,69,29.92,30.33,29.87,0,0,0,0
307,27,5:52,50,50.7,50.7,48.6,38,36.60,38.1,39.6,63,59,62,71,29.9,30.31,29.85,0,0,0,0
308,27,6:52,50,51.0,50.9,49.2,39,36.70,38.2,39.8,66,58,62,70,29.89,30.29,29.84,0,0,0,0
309,27,7:52,50,51.7,51,50.2,39,37.30,38.8,40.4,66,58,63,69,29.87,30.27,29.82,0,0,0,0
310,27,8:52,51,52.7,51.8,50.9,40,38.80,40.4,42.2,66,59,65,72,29.84,30.24,29.79,0,0,0,0
311,27,9:52,52,53.0,52.5,51.8,42,41.00,42.3,43.3,69,64,68,72,29.83,30.24,29.79,0,0,0,0
312,27,10:52,49,50.0,49.5,49.8,45,45.80,45.2,46.2,86,86,85,87,29.79,30.2,29.74,0.02,0,0.01,0.01
313,27,11:52,48,48.9,48.4,48,46,46.70,46.2,46.9,93,92,92,95,29.72,30.13,29.68,0.07,0,0.06,0.05
314,27,12:52,48,49.2,48.7,48.7,47,47.40,46.9,48.1,96,94,94,98,29.63,30.04,29.57,0.08,0,0.09,0.08
315,27,13:52,51,50.3,50,49.4,49,48.30,48.6,49.2,92,93,95,99,29.58,29.99,29.54,0.05,0.01,0.06,0.05
316,27,14:52,50,51.2,51.3,50.5,49,50.00,50.1,50.4,96,95,96,99,29.52,29.94,29.48,0.01,0,0.01,0.01
317,27,15:52,52,52.3,51.9,51.4,51,50.80,50.8,51.3,97,95,96,99,29.48,29.9,29.43,0.01,0,0,0
318,27,16:52,51,53.4,53,52.3,50,52.30,51.9,52.2,96,96,96,99,29.46,29.87,29.41,0,0,0,0
319,27,17:52,58,57.3,56.5,55.9,56,55.30,55.4,55.8,93,93,96,99,29.46,29.86,29.4,0,0,0,0
320,27,18:52,58,58.1,57.1,56.5,55,55.30,55,55.6,90,90,92,97,29.49,29.9,29.45,0,0,0,0
321,27,19:52,58,56.9,56.3,55.7,54,53.90,53.8,54.2,87,89,91,95,29.51,29.92,29.46,0,0,0,0
322,27,20:52,56,56.3,55.8,54.9,52,53.60,53.2,53.8,87,90,91,96,29.53,29.94,29.48,0,0,0,0
323,27,21:52,55,54.9,54.8,53.2,52,52.80,52.8,52.6,90,92,93,98,29.53,29.93,29.48,0,0,0,0
324,27,22:52,53,54.1,54.4,52.4,51,52.10,52.4,52.1,93,93,93,99,29.54,29.95,29.5,0,0,0,0
325,27,23:52,50,53.4,54,50.6,50,51.50,52.2,50.4,100,94,94,99,29.56,29.97,29.51,0,0,0,0
326,28,0:52,48,52.8,53.7,50.6,48,51.60,51.9,50.4,100,95,94,99,29.57,29.97,29.52,0,0,0,0
327,28,1:52,50,52.4,53.1,50,49,51.10,51.3,49.8,96,95,94,99,29.58,29.99,29.53,0,0,0,0
328,28,2:52,49,52.0,52.2,50.2,48,50.20,50.4,50.1,97,94,94,99,29.6,30,29.55,0,0,0,0
329,28,3:52,50,55.9,53.9,54.1,49,50.30,50.6,50.7,96,82,89,88,29.6,30.01,29.56,0,0,0,0
330,28,4:52,51,55.7,54.3,53.7,50,50.20,50.5,50.4,96,82,87,89,29.62,30.02,29.58,0,0,0,0
331,28,5:52,51,53.7,54.1,54.3,49,50.00,49.8,49.1,92,87,85,82,29.64,30.05,29.6,0,0,0,0
332,28,6:52,51,57.0,55.6,55.4,48,44.90,46.5,47,89,64,72,73,29.68,30.08,29.63,0,0,0,0
333,28,7:52,55,55.3,54.5,53.5,44,44.30,45.7,46.4,67,67,72,77,29.73,30.14,29.68,0,0,0,0
334,28,8:52,54,53.1,56.7,51.4,40,38.20,40.3,41.1,59,57,54,68,29.79,30.2,29.75,0,0,0,0
335,28,9:52,52,52.5,55.3,51.5,37,35.70,37.8,40,57,53,52,65,29.85,30.25,29.8,0,0,0,0
336,28,10:52,54,52.1,57.4,50.6,37,35.80,37.7,38.9,53,54,48,64,29.86,30.26,29.81,0,0,0,0
337,28,11:52,55,56.2,58.5,52.6,37,34.90,36.8,38.6,51,45,44,59,29.86,30.26,29.81,0,0,0,0
338,28,12:52,54,53.8,54.8,53.2,35,33.70,35.6,38.6,49,47,48,58,29.87,30.28,29.81,0,0,0,0
339,28,13:52,53,53.1,53.8,52.2,36,34.90,36.6,38.5,52,50,52,59,29.89,30.29,29.84,0,0,0,0
340,28,14:52,54,53.2,53.7,52.7,36,35.80,36.9,38.9,51,52,53,60,29.91,30.31,29.86,0,0,0,0
341,28,15:52,53,52.7,53.1,51.4,36,36.10,37.4,38.8,52,53,55,62,29.94,30.35,29.89,0,0,0,0
342,28,16:52,53,52.3,52.5,50.9,36,36.40,37.8,39.2,52,55,57,64,29.98,30.38,29.93,0,0,0,0
343,28,17:52,52,51.9,52.3,50.4,36,36.00,37.5,39.3,55,55,57,66,30,30.41,29.95,0,0,0,0
344,28,18:52,52,51.6,51.1,49.5,36,35.40,36.9,38.5,55,54,58,66,30.03,30.43,29.97,0,0,0,0
345,28,19:52,50,50.9,50.6,48.8,36,35.40,36.8,38.3,59,55,59,67,30.06,30.47,30.01,0,0,0,0
346,28,20:52,50,49.2,49.2,46.5,35,35.70,37.1,37.9,57,60,63,72,30.09,30.49,30.04,0,0,0,0
347,28,21:52,48,48.1,47.8,45.1,34,35.00,36.3,37.1,58,61,64,73,30.11,30.51,30.05,0,0,0,0
348,28,22:52,47,46.8,46.9,43.9,33,34.40,35.7,36.8,59,62,65,76,30.14,30.55,30.09,0,0,0,0
349,28,23:52,45,44.6,45.7,42.5,36,35.30,34.9,36,71,70,66,78,30.14,30.55,30.09,0,0,0,0
350,29,0:52,41,43.3,44.8,41.4,33,35.40,35.3,35.8,73,74,69,81,30.15,30.55,30.09,0,0,0,0
351,29,1:52,41,41.7,44.3,40.7,35,35.90,35.3,35.4,79,80,70,82,30.17,30.57,30.12,0,0,0,0
352,29,2:52,41,41.0,43.2,39.9,34,35.60,35.8,35.4,76,81,75,84,30.18,30.58,30.12,0,0,0,0
353,29,3:52,39,40.4,42.5,39.4,34,34.90,35.5,35.2,82,81,76,85,30.18,30.59,30.12,0,0,0,0
354,29,4:52,37,41.1,42,39.7,33,35.00,35.7,36,86,79,78,87,30.21,30.61,30.15,0,0,0,0
355,29,5:52,39,42.5,43.5,41.5,37,36.00,36.9,37,93,78,77,84,30.22,30.63,30.17,0,0,0,0
356,29,6:52,41,42.7,43.9,41.9,36,36.40,36.9,37.3,82,79,76,84,30.25,30.65,30.2,0,0,0,0
357,29,7:52,43,44.1,45,43.2,39,36.90,36.8,38.1,86,76,73,82,30.27,30.68,30.22,0,0,0,0
358,29,8:52,45,NA,45.8,45,38,NA,36,37.6,77,NA,68,75,30.31,NA,30.26,0,0,0,0
359,29,9:52,47,NA,47.3,47.4,37,NA,36.2,38.7,69,NA,65,72,30.31,NA,30.26,0,0,0,0
360,29,10:52,48,48.1,48.1,48.8,36,34.50,35.3,37.7,63,60,61,65,30.33,30.73,30.27,0,0,0,0
361,29,11:52,49,48.7,48.5,49.2,37,35.30,36.2,38.2,64,60,62,66,30.31,30.71,30.25,0,0,0,0
362,29,12:52,50,49.6,49.1,50.3,37,35.60,36.7,39.2,61,59,62,66,30.27,30.68,30.22,0,0,0,0
363,29,13:52,51,51.0,50,51.2,36,36.30,36.7,39.4,56,57,60,64,30.25,30.66,30.2,0,0,0,0
364,29,14:52,52,51.8,50.9,51.3,36,36.40,36.7,39,55,56,58,63,30.24,30.65,30.2,0,0,0,0
365,29,15:52,51,51.6,51.3,50.5,37,36.40,36.5,38.9,59,56,57,64,30.24,30.64,30.19,0,0,0,0
366,29,16:52,50,51.4,51.9,48.3,39,37.70,38.3,39.8,66,60,60,73,30.22,30.62,30.17,0,0,0,0
367,29,17:52,48,50.7,50.9,45.9,37,38.20,38.8,38.9,66,62,63,77,30.24,30.65,30.2,0,0,0,0
368,29,18:52,48,49.1,49.2,45.7,36,37.00,37.5,38.7,63,63,64,77,30.25,30.66,30.2,0,0,0,0
369,29,19:52,47,48.5,48.6,46.2,36,35.10,36.1,37.9,66,60,62,72,30.23,30.65,30.18,0,0,0,0
370,29,20:52,46,48.2,48.4,45,36,35.20,36,37.7,68,61,62,75,30.22,30.62,30.17,0,0,0,0
371,29,21:52,45,47.7,47.5,45.6,37,36.60,37,38.5,74,65,67,76,30.23,30.64,30.18,0,0,0,0
372,29,22:52,45,47.4,47.3,46.2,38,38.10,38.7,39.7,77,70,72,78,30.21,30.62,30.16,0,0,0,0
373,29,23:52,46,47.5,47.3,46.4,40,39.20,39.7,40.6,79,73,75,80,30.18,30.59,30.13,0,0,0,0
374,30,0:52,46,48.0,47.8,46.9,40,40.30,40.3,41.4,79,75,75,81,30.15,30.56,30.1,0,0,0,0
375,30,1:52,47,48.2,48,47.2,41,40.90,41.4,42.3,80,76,78,83,30.12,30.53,30.07,0,0,0,0
376,30,2:52,47,48.5,48.2,47.7,42,42.10,42.3,43.2,83,79,80,84,30.09,30.51,30.05,0,0,0,0
377,30,3:52,48,48.9,48.6,48.1,43,43.20,43.4,44.1,83,81,82,86,30.08,30.49,30.04,0,0,0,0
378,30,4:52,48,49.4,49.1,48.5,44,44.20,44.3,45,86,82,83,88,30.05,30.46,30,0,0,0,0
379,30,5:52,49,48.7,48.7,48,47,46.20,45.8,46.6,93,91,90,94,30.04,30.45,29.99,0.04,0.03,0.04,0.05
380,30,6:52,48,49.1,48.6,48.2,47,47.40,46.8,47.7,96,94,94,98,30.02,30.43,29.98,0.11,0.12,0.15,0.13
381,30,7:52,49,49.6,49.3,48.7,48,48.30,47.8,48.6,97,95,95,99,30.01,30.41,29.96,0.09,0.1,0.1,0.09
382,30,8:52,50,50.8,50,49.6,48,49.20,48.6,49.5,93,94,95,99,29.97,30.38,29.92,0.05,0.04,0.06,0.05
383,30,9:52,50,51.6,51.3,50.5,48,49.80,49.5,50.4,93,94,94,99,29.92,30.33,29.87,0.03,0.04,0.04,0.02
384,30,10:52,53,52.9,52.7,51.4,50,50.60,50.5,51.3,89,92,92,99,29.87,30.29,29.82,0,0,0,0
385,30,11:52,55,54.3,54.1,52.9,51,51.40,51.3,52.2,87,90,90,97,29.83,30.24,29.78,0,0,0,0
386,30,12:52,57,55.5,55.4,54,52,51.90,51.8,52.6,83,88,88,95,29.78,30.2,29.74,0,0,0,0
387,30,13:52,57,56.4,56.1,54.9,53,52.70,52.5,53.4,87,87,88,95,29.76,30.17,29.72,0,0.01,0,0
388,30,14:52,58,57.9,57.2,56.5,53,53.60,53.6,54.6,84,86,88,93,29.75,30.16,29.7,0,0,0,0
389,30,15:52,59,54.7,55.4,54.1,52,44.90,44.9,44.7,78,70,68,70,29.81,30.22,29.76,0,0.03,0.01,0.01
390,30,16:52,57,55.2,55.1,53.9,31,37.50,38.6,40.2,37,52,53,60,29.85,30.26,29.8,0,0,0,0
391,30,17:52,54,53.1,53,52.1,24,25.30,25.4,27.8,31,34,34,39,29.92,30.32,29.87,0,0,0,0
392,30,18:52,51,50.7,50.5,49.2,25,24.80,24.3,28.1,36,37,36,44,29.96,30.36,29.91,0,0,0,0
393,30,19:52,49,49.2,49.1,47.9,19,21.90,21.5,25.2,31,34,34,41,29.99,30.39,29.94,0,0,0,0
394,30,20:52,47,47.3,47,45.9,21,21.30,21.7,24,36,36,36,42,30.02,30.43,29.98,0,0,0,0
395,30,21:52,46,46.0,45.7,44.6,21,20.90,21.5,24.4,37,37,38,45,30.06,30.46,30,0,0,0,0
396,30,22:52,44,44.5,44.1,42.9,20,19.80,20.6,23.6,38,37,39,46,30.07,30.48,30.02,0,0,0,0
397,30,23:52,43,43.5,43,41.8,19,19.20,19.8,22.5,38,38,39,46,30.09,30.49,30.04,0,0,0,0
398,1,0:52,41,42.5,42.1,40.7,19,19.00,18.9,22.2,41,39,39,47,30.1,30.5,30.04,0,0,0,0
399,1,1:52,42,41.7,41.2,39.9,18,18.90,19.4,22.1,38,40,41,49,30.13,30.53,30.08,0,0,0,0
400,1,2:52,40,40.6,40.3,39,18,17.50,19.3,21.9,41,39,43,50,30.18,30.58,30.13,0,0,0,0
401,1,3:52,40,40.2,39.7,38.8,18,16.50,18.4,20.9,41,38,42,48,30.2,30.6,30.14,0,0,0,0
402,1,4:52,39,38.8,38.5,37.3,17,16.00,17.5,20.2,41,39,42,50,30.24,30.64,30.18,0,0,0,0
403,1,5:52,37,37.9,37.6,36.1,17,16.60,18.7,21.3,44,42,46,55,30.29,30.69,30.23,0,0,0,0
404,1,6:52,37,37.4,37,34.9,17,17.60,19.1,21.2,44,45,48,57,30.33,30.73,30.28,0,0,0,0
405,1,7:52,37,36.8,37,35,17,15.90,17.9,20.3,44,42,46,55,30.37,30.77,30.32,0,0,0,0
406,1,8:52,39,37.7,43.9,35.7,18,15.60,18.5,20,43,40,36,52,30.41,30.81,30.36,0,0,0,0
407,1,9:52,41,38.4,44.8,36.9,18,15.40,18.9,19.9,39,39,35,50,30.43,30.83,30.37,0,0,0,0
408,1,10:52,41,39.6,44.8,37.8,18,15.80,18.8,20.6,39,38,35,50,30.44,30.84,30.39,0,0,0,0
409,1,11:52,44,40.9,47.8,39.3,19,16.30,19.9,21.1,37,37,33,48,30.45,30.86,30.4,0,0,0,0
410,1,12:52,45,42.5,43.8,40.5,18,15.50,17.9,20.8,34,33,35,45,30.45,30.85,30.39,0,0,0,0
411,1,13:52,46,43.7,44.3,42.7,18,16.30,18.2,21.2,33,33,35,42,30.45,30.85,30.38,0,0,0,0
412,1,14:52,46,44.9,44.2,43.3,17,15.90,17.6,20.8,31,31,34,40,30.45,30.85,30.39,0,0,0,0
413,1,15:52,46,45.2,44.6,42.8,16,15.60,17.9,20.5,30,30,34,41,30.47,30.87,30.41,0,0,0,0
414,1,16:52,43,44.0,43.4,41.5,17,15.90,17.9,20.7,35,32,36,43,30.47,30.88,30.42,0,0,0,0
415,1,17:52,43,43.5,43.2,40.7,18,17.30,18.4,21.5,37,35,37,46,30.47,30.87,30.41,0,0,0,0
416,1,18:52,42,42.6,42.5,39.8,17,18.00,18.8,22,36,37,38,49,30.49,30.88,30.43,0,0,0,0
417,1,19:52,42,42.3,41.9,39.5,17,16.80,18.4,21.3,36,36,39,48,30.51,30.9,30.45,0,0,0,0
418,1,20:52,40,41.2,40.9,38.3,18,17.80,18.7,21.6,41,39,41,51,30.51,30.9,30.45,0,0,0,0
419,1,21:52,39,39.6,40,36.7,22,18.80,18.4,22.3,50,43,41,56,30.52,30.92,30.47,0,0,0,0
420,1,22:52,38,39.0,39.2,36.1,22,18.70,19,22.1,52,44,44,56,30.53,30.92,30.47,0,0,0,0
421,1,23:52,37,37.9,38.1,35.2,22,18.20,18.9,21.9,54,45,45,58,30.54,30.95,30.5,0,0,0,0
422,2,0:52,36,37.2,37.5,34.2,22,19.30,18.6,21.8,57,49,46,60,30.54,30.95,30.49,0,0,0,0
423,2,1:52,35,36.0,36.7,33,22,19.20,19,22,59,50,48,64,30.54,30.94,30.49,0,0,0,0
424,2,2:52,34,35.8,35.8,32.8,24,18.50,19.6,22.2,67,49,51,65,30.53,30.94,30.48,0,0,0,0
425,2,3:52,34,34.8,35.1,32.3,25,19.60,19.6,21.6,70,53,53,64,30.53,30.93,30.48,0,0,0,0
426,2,4:52,32,34.3,34.6,31.2,24,19.10,20.3,22.2,73,54,56,69,30.55,30.95,30.49,0,0,0,0
427,2,5:52,32,33.8,34.5,30.8,25,21.10,19.8,23.5,75,60,55,74,30.56,30.96,30.51,0,0,0,0
428,2,6:52,30,33.0,33.8,30.7,24,20.80,21,23,79,61,59,73,30.57,30.97,30.51,0,0,0,0
429,2,7:52,34,34.1,34.4,31.4,25,21.20,21.6,23.2,70,59,59,71,30.58,30.98,30.53,0,0,0,0
430,2,8:52,36,36.6,38.2,34.1,26,24.70,25.5,25.6,67,62,60,71,30.58,30.98,30.52,0,0,0,0
431,2,9:52,39,39.4,42.2,35.7,29,26.30,26.7,28.3,67,59,54,74,30.57,30.96,30.51,0,0,0,0
432,2,10:52,44,42.3,45.9,40.5,31,27.90,29.1,30.6,60,57,52,68,30.55,30.96,30.51,0,0,0,0
433,2,11:52,47,48.0,48.6,43.6,31,28.60,29,31.3,54,47,46,62,30.51,30.91,30.45,0,0,0,0
434,2,12:52,49,49.0,48.8,47.4,29,24.40,24.9,28.4,46,38,39,48,30.47,30.88,30.42,0,0,0,0
435,2,13:52,50,50.3,49.7,50.4,23,21.10,22.4,26.4,35,32,34,39,30.46,30.86,30.41,0,0,0,0
436,2,14:52,49,49.8,49.1,48.7,28,25.50,24.2,28.9,44,39,37,46,30.45,30.85,30.39,0,0,0,0
437,2,15:52,50,49.6,49.5,48.1,30,25.10,25,28.3,46,38,38,46,30.44,30.85,30.39,0,0,0,0
438,2,16:52,48,48.7,49.4,44.8,27,25.90,26,30.5,44,41,40,57,30.44,30.85,30.38,0,0,0,0
439,2,17:52,47,49.1,49.5,45.1,28,24.70,25.3,29.9,48,38,39,55,30.44,30.84,30.38,0,0,0,0
440,2,18:52,46,48.2,48.8,43.9,28,25.30,25.6,29.7,50,41,40,57,30.43,30.84,30.38,0,0,0,0
441,2,19:52,45,47.1,48,43.1,29,25.70,26.6,29.7,54,43,43,59,30.42,30.82,30.36,0,0,0,0
442,2,20:52,46,46.9,47,44.7,31,28.30,28.8,31.6,56,49,49,60,30.41,30.82,30.36,0,0,0,0
443,2,21:52,45,46.5,46.4,44.9,34,32.00,32.8,34.3,66,57,59,66,30.38,30.79,30.33,0,0,0,0
444,2,22:52,45,46.7,46.4,45.5,36,33.80,34.6,36,71,61,63,69,30.38,30.78,30.32,0,0,0,0
445,2,23:52,49,47.8,47.4,46,34,33.60,35.2,36.7,56,58,63,69,30.36,30.77,30.31,0,0,0,0
446,3,0:52,50,49.0,48.8,47.8,36,34.50,35.8,37.3,59,57,60,67,30.35,30.76,30.3,0,0,0,0
447,3,1:52,50,49.2,49.1,48.3,38,36.70,37.9,39.1,63,62,65,71,30.32,30.73,30.27,0,0,0,0
448,3,2:52,49,49.0,49,47.7,41,40.30,40.4,41.4,74,72,72,79,30.3,30.7,30.24,0,0,0,0
449,3,3:52,49,48.9,49.1,48,43,42.60,42.7,43.3,80,79,79,84,30.26,30.66,30.2,0.01,0,0,0
450,3,4:52,50,50.2,50.2,49.2,46,44.60,45,45.5,86,81,82,87,30.23,30.64,30.18,0,0,0,0
451,3,5:52,53,52.5,52.2,51.4,48,46.90,47.5,47.8,83,82,84,88,30.21,30.61,30.15,0,0,0,0
452,3,6:52,54,52.7,52,51.3,49,49.10,48.7,49.3,83,88,89,93,30.25,30.66,30.2,0.02,0.01,0.03,0.05
453,3,7:52,51,51.9,51.8,50.7,49,49.90,49.6,50.2,92,92,92,98,30.2,30.61,30.15,0.08,0.1,0.11,0.08
454,3,8:52,51,52.0,51.8,51.2,50,50.20,50,51,96,94,94,99,30.2,30.6,30.14,0.12,0.14,0.14,0.13
455,3,9:52,53,52.7,52.3,51.7,51,51.00,50.8,51.5,93,94,95,99,30.18,30.58,30.12,0.05,0.04,0.07,0.04
456,3,10:52,54,53.7,53.4,52.7,52,51.80,51.7,52.5,93,93,94,99,30.14,30.55,30.09,0.03,0.02,0.02,0.02
457,3,11:52,57,56.0,55.8,55,53,53.30,53.3,54.5,87,91,91,98,30.1,30.51,30.05,0,0,0,0
458,3,12:52,60,59.6,59.1,57.7,54,54.60,54.7,55.7,80,84,85,93,30.07,30.47,30.02,0,0,0,0
459,3,13:52,62,62.6,61.3,61.2,54,55.00,55,56.4,75,76,80,84,30.04,30.45,29.99,0,0,0,0
460,3,14:52,61,61.7,60.9,59.8,53,54.60,54.8,55.7,75,77,80,86,30.04,30.44,29.98,0,0,0,0
461,3,15:52,61,60.9,60.3,58.9,53,53.90,54.1,54.9,75,78,80,86,30.04,30.45,29.99,0,0,0,0
462,3,16:52,60,60.5,60.1,57.8,53,53.70,54.1,54.5,78,79,81,88,30.06,30.46,30.01,0,0,0,0
463,3,17:52,61,60.9,59.4,58.4,53,53.70,53.9,54.6,75,77,82,87,30.1,30.51,30.05,0,0,0,0
464,3,18:52,60,61.1,59.7,58.3,51,41.30,43.9,46.6,72,48,56,65,30.13,30.54,30.08,0,0,0,0
465,3,19:52,58,58.9,57.5,56.6,30,28.20,31.1,34.9,35,31,36,44,30.16,30.57,30.12,0,0,0,0
466,3,20:52,55,54.9,54.5,53,31,34.20,35,37.8,40,46,48,56,30.21,30.62,30.16,0,0,0,0
467,3,21:52,51,52.7,51.8,50.7,36,34.70,36.1,38,56,50,55,62,30.24,30.64,30.18,0,0,0,0
468,3,22:52,49,50.1,49.6,48.4,35,32.50,34.1,35.9,59,51,55,62,30.25,30.66,30.2,0,0,0,0
469,3,23:52,45,48.2,47.7,45.7,33,32.40,33.1,34.9,63,55,57,66,30.26,30.66,30.21,0,0,0,0
470,4,0:52,42,47.0,46.3,44.2,31,31.20,32.5,34.1,65,54,59,67,30.25,30.66,30.2,0,0,0,0
471,4,1:52,42,45.5,44.9,42.8,30,28.10,29.9,31.9,62,51,55,65,30.28,30.68,30.22,0,0,0,0
472,4,2:52,41,43.7,43.2,41.4,27,25.60,27.1,28.8,57,49,53,61,30.29,30.69,30.23,0,0,0,0
473,4,3:52,40,42.6,42.1,40.7,26,24.10,25.7,27.5,58,48,52,59,30.27,30.68,30.22,0,0,0,0
474,4,4:52,39,41.4,40.9,39.4,25,24.50,25.7,27.8,57,51,54,63,30.27,30.69,30.23,0,0,0,0
475,4,5:52,38,39.7,39.7,38.3,26,25.40,25.8,27.7,62,57,57,65,30.27,30.68,30.22,0,0,0,0
476,4,6:52,37,39.1,38.8,37,26,25.00,25.6,27.1,65,57,59,67,30.29,30.7,30.24,0,0,0,0
477,4,7:52,38,39.3,38.8,37.1,26,23.60,25,26.9,62,53,57,66,30.3,30.7,30.24,0,0,0,0
478,4,8:52,40,40.1,45.4,38.1,25,23.10,25.3,26.7,55,50,45,63,30.3,30.71,30.25,0,0,0,0
479,4,9:52,42,41.1,45.4,39.6,25,22.20,24.7,26.4,51,47,44,59,30.31,30.72,30.25,0,0,0,0
480,4,10:52,44,42.2,47.2,40.7,25,21.90,23.8,25.4,47,45,40,54,30.29,30.7,30.23,0,0,0,0
481,4,11:52,46,43.8,48.8,41.5,24,21.20,24.1,25.7,42,40,38,53,30.26,30.66,30.2,0,0,0,0
482,4,12:52,45,43.8,44.9,42.1,24,19.00,20.6,23.4,44,37,38,47,30.25,30.65,30.2,0,0,0,0
483,4,13:52,46,44.9,45.3,43.3,22,18.80,20.2,23.2,38,35,36,45,30.24,30.64,30.18,0,0,0,0
484,4,14:52,47,46.4,45.3,44,20,19.00,19.9,24,34,34,36,45,30.23,30.64,30.18,0,0,0,0
485,4,15:52,46,46.1,45.5,43.6,20,16.20,18.9,22.9,35,30,34,44,30.22,30.62,30.17,0,0,0,0
486,4,16:52,43,44.9,44.3,40.4,24,17.60,19.1,23.6,47,33,36,51,30.22,30.62,30.16,0,0,0,0
487,4,17:52,43,42.9,43.7,39.5,27,19.90,18.4,22.3,53,40,36,50,30.24,30.64,30.19,0,0,0,0
488,4,18:52,41,41.9,43.7,37,24,22.60,20.8,25.1,51,46,40,62,30.22,30.62,30.16,0,0,0,0
489,4,19:52,41,41.6,42.2,37.4,28,24.50,24.7,26.5,60,51,50,64,30.24,30.65,30.19,0,0,0,0
490,4,20:52,38,38.4,40.9,36.6,26,27.00,25.2,27,62,64,53,68,30.23,30.64,30.18,0,0,0,0
491,4,21:52,35,37.5,39.9,35.4,27,26.50,24.7,27.1,72,65,54,71,30.23,30.64,30.18,0,0,0,0
492,4,22:52,36,36.3,38.8,34.7,27,26.30,26.1,26.3,70,67,60,71,30.23,30.64,30.18,0,0,0,0
493,4,23:52,37,35.3,37.9,33.8,29,26.90,27.2,26.8,73,72,65,75,30.22,30.63,30.17,0,0,0,0
494,5,0:52,33,35.4,37.1,33.1,28,27.00,27.1,26.9,82,72,67,78,30.22,30.63,30.16,0,0,0,0
495,5,1:52,33,33.9,36.5,32.9,27,27.60,27.9,27.5,78,78,71,80,30.22,30.62,30.16,0,0,0,0
496,5,2:52,32,33.4,36,32.7,27,28.10,28.2,27.5,82,81,73,81,30.23,30.63,30.17,0,0,0,0
497,5,3:52,31,34.3,35.3,31.8,25,27.90,28.5,27.9,79,77,76,85,30.22,30.62,30.17,0,0,0,0
498,5,4:52,32,33.1,35.3,31.4,26,28.90,28.9,27.9,79,85,77,87,30.24,30.65,30.19,0,0,0,0
499,5,5:52,32,32.9,34.6,31.2,28,28.80,28.3,27.4,85,85,77,86,30.25,30.65,30.19,0,0,0,0
500,5,6:52,32,32.8,34.2,31.5,27,28.20,28,28.4,82,83,78,88,30.26,30.66,30.21,0,0,0,0
501,5,7:52,35,32.9,34.8,31.5,29,28.50,28.4,28.5,78,84,77,88,30.28,30.68,30.22,0,0,0,0
502,5,8:52,38,36.8,44.8,33.6,32,29.80,30.9,29.8,79,76,58,86,30.29,30.69,30.23,0,0,0,0
503,5,9:52,39,40.6,43.2,39.4,33,31.30,32.3,32.8,79,70,65,77,30.3,30.7,30.25,0,0,0,0
504,5,10:52,42,43.1,44.7,42.4,33,31.00,31.5,33.1,71,62,60,69,30.29,30.7,30.24,0,0,0,0
505,5,11:52,46,46.6,46.9,44.1,32,29.40,29.7,31.7,58,51,51,62,30.27,30.67,30.22,0,0,0,0
506,5,12:52,49,48.5,48.4,46,30,28.80,29.6,32.1,48,47,48,58,30.25,30.65,30.2,0,0,0,0
507,5,13:52,50,50.2,48.8,49,29,27.30,27.5,31.9,44,41,43,52,30.23,30.64,30.18,0,0,0,0
508,5,14:52,50,50.1,49.3,48.4,27,25.10,24.8,29.7,41,38,38,48,30.23,30.64,30.18,0,0,0,0
509,5,15:52,48,49.4,49.3,47.3,22,22.30,22.9,26.8,36,34,35,45,30.24,30.64,30.19,0,0,0,0
510,5,16:52,45,48.1,48.1,43.4,26,22.80,23.6,28.8,48,37,38,56,30.24,30.64,30.19,0,0,0,0
511,5,17:52,45,46.9,47.8,40.6,26,21.80,23.4,27.9,48,37,38,60,30.25,30.65,30.2,0,0,0,0
512,5,18:52,44,45.9,46.9,39.3,26,26.60,27.2,29.4,49,47,46,68,30.25,30.65,30.2,0,0,0,0
513,5,19:52,43,44.7,45.5,39,29,28.40,28.9,30.9,58,53,52,73,30.27,30.67,30.21,0,0,0,0
514,5,20:52,41,44.5,44.7,38.7,30,30.80,31.2,32.3,65,59,59,78,30.28,30.68,30.23,0,0,0,0
515,5,21:52,41,44.3,44.8,38.9,32,33.70,34.2,33.5,70,67,66,81,30.26,30.67,30.21,0,0,0,0
516,5,22:52,42,42.0,43.1,38.4,34,32.60,32.8,33.7,73,69,67,83,30.27,30.67,30.21,0,0,0,0
517,5,23:52,39,41.3,41.5,37.9,33,32.60,32.6,33.3,79,71,70,83,30.25,30.66,30.2,0,0,0,0
518,6,0:52,39,40.4,40.5,37.9,33,32.80,32.7,33.6,79,75,73,84,30.25,30.66,30.2,0,0,0,0
519,6,1:52,39,41.0,41,37.9,34,33.90,34.3,33.2,82,76,77,83,30.26,30.67,30.21,0,0,0,0
520,6,2:52,40,42.2,42.1,39.9,35,34.80,35.8,35.2,83,75,78,83,30.26,30.67,30.21,0,0,0,0
521,6,3:52,41,42.6,42.4,41.2,36,35.90,36.1,36.9,82,78,78,85,30.25,30.65,30.19,0,0,0,0
522,6,4:52,41,43.6,43.3,41.9,36,37.60,37.1,37.8,82,79,79,85,30.24,30.65,30.19,0,0,0,0
523,6,5:52,41,43.1,43,42.2,37,39.30,38.1,39.5,86,86,83,90,30.24,30.65,30.19,0,0,0,0
524,6,6:52,42,43.3,43.2,42.4,38,39.60,39,39.7,85,87,85,90,30.25,30.65,30.2,0,0,0,0
525,6,7:52,43,44.0,43.9,42.9,39,40.40,40,40.4,86,87,86,91,30.27,30.67,30.22,0,0,0,0
526,6,8:52,43,43.5,43.2,42.6,41,41.90,41,41.5,93,94,92,96,30.28,30.68,30.23,0.05,0.06,0.09,0.08
527,6,9:52,43,43.9,43.6,43.5,42,42.50,41.6,42.8,97,94,93,97,30.27,30.67,30.22,0.06,0.03,0.06,0.05
528,6,10:52,46,45.5,45.2,44.8,43,43.70,43.3,44.1,89,93,93,97,30.26,30.66,30.2,0,0,0,0
529,6,11:52,45,46.6,46.6,45.9,44,44.50,44.6,45.1,97,92,93,97,30.25,30.66,30.2,0,0,0,0
530,6,12:52,47,48.3,47.6,47.8,45,46.40,44.7,46.9,93,93,90,97,30.23,30.64,30.18,0,0,0,0
531,6,13:52,47,48.0,47.3,47.7,45,45.90,45.1,46.6,93,93,92,96,30.22,30.62,30.16,0.01,0,0,0
532,6,14:52,47,48.0,47.4,47.4,45,46.20,45.4,46.7,93,94,93,97,30.21,30.62,30.16,0,0,0,0
533,6,15:52,47,48.0,47.5,47.1,46,46.40,45.7,46.5,97,94,94,98,30.22,30.62,30.16,0,0,0,0
534,6,16:52,48,48.3,47.8,47.3,46,46.70,46.2,46.8,93,94,95,98,30.22,30.62,30.17,0.01,0.02,0.01,0
535,6,17:52,48,48.3,48,47.5,46,47.30,46.6,47.3,93,96,95,99,30.22,30.63,30.17,0.03,0.04,0.05,0.06
536,6,18:52,48,48.5,48,47.4,47,47.30,46.6,47.2,96,95,95,99,30.22,30.63,30.17,0.01,0,0,0
537,6,19:52,48,49.0,48.2,47.9,47,47.80,47.3,47.7,96,95,96,99,30.23,30.64,30.18,0,0,0,0
538,6,20:52,50,49.8,49,48.5,48,48.10,48.1,48.3,93,94,96,99,30.22,30.62,30.16,0,0,0,0
539,6,21:52,50,50.5,50.2,49.4,48,48.60,48.4,48.9,93,94,94,99,30.22,30.63,30.17,0,0,0,0
540,6,22:52,50,50.7,50.3,49.8,49,48.90,48.8,49.5,96,94,95,99,30.22,30.62,30.16,0,0,0,0
541,6,23:52,51,50.9,50.4,49.8,49,49.30,48.9,49.6,92,94,95,99,30.21,30.62,30.16,0,0,0,0
542,7,0:52,51,51.0,50.6,49.7,50,49.80,49.6,49.5,96,95,96,99,30.21,30.62,30.16,0,0,0,0
543,7,1:52,50,51.6,51.2,50.4,49,50.20,50.1,50.2,96,95,96,99,30.21,30.61,30.16,0,0,0,0
544,7,2:52,50,51.9,51.4,50.9,49,50.70,50.4,50.7,96,95,96,99,30.2,30.61,30.15,0,0,0,0
545,7,3:52,52,52.4,51.8,50.9,51,51.30,51.1,50.7,97,96,97,99,30.18,30.59,30.13,0,0,0,0
546,7,4:52,53,52.7,52.2,51.4,52,51.80,51.5,51.3,96,96,97,99,30.17,30.58,30.12,0,0,0,0
547,7,5:52,53,53.2,52.7,51.6,52,51.90,52,51.4,96,95,97,99,30.18,30.59,30.13,0,0,0,0
548,7,6:52,53,53.6,53.1,52.2,52,52.00,52,52,96,94,96,99,30.2,30.61,30.15,0,0,0,0
549,7,7:52,54,53.9,53.4,52.3,52,52.10,52,52.1,93,94,95,99,30.19,30.61,30.15,0,0,0,0
550,7,8:52,54,53.4,53.6,52.3,52,51.70,51.8,52.1,93,94,94,99,30.2,30.6,30.15,0.01,0,0,0
551,7,9:52,54,53.9,53.6,52.9,52,52.10,52.2,52.7,93,94,95,99,30.22,30.62,30.17,0.02,0.01,0.01,0.01
552,7,10:52,53,53.9,53.7,53.4,51,52.10,52.1,52.9,93,94,95,98,30.2,30.61,30.15,0.02,0,0.01,0.01
553,7,11:52,53,54.6,54.1,53.6,52,52.70,52.2,53,96,93,93,98,30.16,30.59,30.12,0,0,0,0
554,7,12:52,55,54.8,54.7,54.3,53,52.80,52.7,53.6,93,93,93,97,30.15,30.56,30.1,0,0,0,0
555,7,13:52,55,55.2,54.7,54.5,53,53.30,52.9,53.8,93,93,94,97,30.14,30.54,30.09,0,0,0,0
556,7,14:52,55,55.4,54.8,54.5,53,53.40,53,53.8,93,93,94,97,30.14,30.55,30.09,0,0,0,0
557,7,15:52,55,55.4,55,54.3,53,53.60,53.2,53.6,93,94,94,97,30.14,30.55,30.09,0,0,0,0
558,7,16:52,55,55.4,55,53.6,53,53.80,53.6,53.1,93,94,95,98,30.14,30.55,30.1,0,0,0,0
559,7,17:52,56,55.5,55.2,54.5,54,53.70,54.1,54.3,93,94,96,99,30.16,30.57,30.11,0,0,0,0
560,7,18:52,55,56.0,55.4,54.6,54,54.70,54.6,54.4,96,95,97,99,30.16,30.57,30.11,0,0,0,0
561,7,19:52,55,56.0,55.6,54.6,53,54.90,54.9,54.4,93,96,97,99,30.17,30.58,30.12,0,0,0,0
562,7,20:52,57,55.9,55.2,54.7,55,54.60,54.5,54.5,93,95,97,99,30.19,30.6,30.14,0,0,0,0
563,7,21:52,55,55.4,54.6,53.8,54,53.60,53.5,53.6,96,94,96,99,30.2,30.61,30.15,0,0,0,0
564,7,22:52,53,53.9,53.7,52.9,52,52.80,53,52.7,96,96,97,99,30.2,30.61,30.15,0,0,0,0
565,7,23:52,52,53.4,52.9,52.3,52,52.30,52.2,52.1,100,96,97,99,30.2,30.61,30.15,0,0,0,0
566,8,0:52,52,52.7,52.2,51.4,52,51.80,51.7,51.3,100,96,98,99,30.2,30.61,30.15,0,0,0,0
567,8,1:52,49,51.1,51.3,50.3,48,50.10,50.7,50.1,97,96,98,99,30.21,30.61,30.16,0,0,0,0
568,8,2:52,47,50.9,50.6,48.9,46,49.70,49.9,48.7,97,95,97,99,30.22,30.63,30.18,0,0,0,0
569,8,3:52,44,49.6,49.8,48.7,44,48.30,49.1,48.6,100,95,97,99,30.23,30.64,30.19,0,0,0,0
570,8,4:52,45,48.0,49.8,48.2,44,47.00,48.4,48,97,96,95,99,30.23,30.64,30.18,0,0,0,0
571,8,5:52,45,50.9,50.7,47.8,45,48.00,47.5,47.7,100,89,89,99,30.25,30.65,30.2,0,0,0,0
572,8,6:52,47,47.8,50.1,47.8,45,46.50,46.8,47.2,93,95,89,98,30.27,30.68,30.22,0,0,0,0
573,8,7:52,49,51.5,50.9,47.7,46,46.50,46.9,46.7,90,84,86,96,30.27,30.69,30.23,0,0,0,0
574,8,8:52,53,51.2,57.5,48.7,46,47.70,48.1,47.1,77,88,71,94,30.29,30.69,30.24,0,0,0,0
575,8,9:52,56,54.5,61.6,50.9,46,45.00,46.3,46.9,70,70,57,86,30.3,30.71,30.25,0,0,0,0
576,8,10:52,56,56.3,58.8,53.9,44,42.70,43.7,45.9,65,60,57,74,30.31,30.71,30.27,0,0,0,0
577,8,11:52,59,56.4,57.6,55.5,44,42.60,43.3,46.2,58,60,59,71,30.28,30.69,30.24,0,0,0,0
578,8,12:52,57,56.5,57.2,55.8,43,40.60,41.8,44,60,55,56,64,30.27,30.67,30.22,0,0,0,0
579,8,13:52,57,56.3,57,55.8,42,40.20,40.9,42.5,58,55,55,61,30.25,30.66,30.2,0,0,0,0
580,8,14:52,57,56.6,56.7,55.7,40,38.30,39.4,42.2,53,51,52,60,30.23,30.64,30.19,0,0,0,0
581,8,15:52,55,55.7,55.6,54.1,40,38.10,39.1,42,57,52,54,64,30.25,30.65,30.21,0,0,0,0
582,8,16:52,52,54.5,54.5,52.2,39,38.20,39,41.5,61,54,56,67,30.25,30.66,30.21,0,0,0,0
583,8,17:52,52,54.0,54,52,39,37.60,39.2,40.8,61,54,57,66,30.25,30.65,30.2,0,0,0,0
584,8,18:52,52,53.2,52.9,51.1,38,37.40,38.4,40.6,59,55,58,67,30.26,30.67,30.21,0,0,0,0
585,8,19:52,51,51.9,51.8,50.2,39,39.20,39.5,41.6,64,62,63,72,30.27,30.68,30.22,0,0,0,0
586,8,20:52,50,50.9,50.9,49.3,37,36.60,36.6,39.3,61,58,58,68,30.28,30.69,30.22,0,0,0,0
587,8,21:52,50,50.5,50.4,48.7,36,35.60,36.5,38.7,59,57,59,68,30.29,30.7,30.24,0,0,0,0
588,8,22:52,49,49.8,49.6,48.3,35,36.30,36,38.2,59,60,59,68,30.28,30.69,30.23,0,0,0,0
589,8,23:52,49,49.2,48.9,47.8,34,34.90,35.2,37.2,56,58,59,67,30.27,30.68,30.23,0,0,0,0
590,9,0:52,48,48.5,48.4,47.2,33,33.10,33.8,36.1,56,55,57,65,30.27,30.69,30.23,0,0,0,0
591,9,1:52,46,46.7,47,45.2,32,31.80,32.1,34.8,58,56,56,67,30.29,30.69,30.24,0,0,0,0
592,9,2:52,45,46.3,46.2,44.2,32,31.00,31.9,33.4,61,55,57,66,30.3,30.71,30.25,0,0,0,0
593,9,3:52,44,45.2,44.8,42.7,29,30.10,30.8,32.8,55,56,58,68,30.29,30.71,30.24,0,0,0,0
594,9,4:52,43,43.9,43.6,41.8,29,29.80,30.5,32.1,58,58,59,68,30.3,30.7,30.25,0,0,0,0
595,9,5:52,42,42.6,42.5,40.5,30,29.60,30.5,31.7,62,60,62,71,30.3,30.7,30.25,0,0,0,0
596,9,6:52,40,41.5,41.5,39.4,29,28.40,29,30.7,65,60,61,71,30.31,30.71,30.26,0,0,0,0
597,9,7:52,41,41.0,41.2,38.8,29,28.30,28.9,30.5,62,61,61,72,30.31,30.72,30.26,0,0,0,0
598,9,8:52,44,42.2,47.7,39.8,29,28.10,29.6,30.6,55,58,49,69,30.32,30.73,30.28,0,0,0,0
599,9,9:52,45,43.6,49.7,41.3,30,28.90,29.7,31.1,56,56,46,67,30.32,30.72,30.27,0,0,0,0
600,9,10:52,46,44.6,52.6,42.1,31,29.10,30.4,30.9,56,55,42,64,30.32,30.72,30.27,0,0,0,0
601,9,11:52,48,47.4,54.3,43.2,29,28.30,29.7,30.7,48,48,39,61,30.3,30.71,30.25,0,0,0,0
602,9,12:52,49,50.0,50.2,44.7,29,28.20,28.1,31.3,46,43,42,59,30.29,30.69,30.23,0,0,0,0
603,9,13:52,50,50.1,49.2,47.5,29,27.60,28,30.5,44,42,44,52,30.27,30.68,30.22,0,0,0,0
604,9,14:52,49,50.5,49.5,47.8,28,27.90,27.3,31.1,44,42,42,52,30.25,30.66,30.2,0,0,0,0
605,9,15:52,48,48.7,49.1,46.5,29,26.80,26.6,30.7,48,43,41,54,30.25,30.66,30.2,0,0,0,0
606,9,16:52,46,47.1,48.2,43.8,30,27.00,27.2,30.6,54,46,44,60,30.26,30.67,30.2,0,0,0,0
607,9,17:52,45,45.5,47.5,41.2,31,27.80,27.2,31,58,50,45,67,30.26,30.67,30.22,0,0,0,0
608,9,18:52,42,45.6,46.3,40.5,30,27.90,28.1,31.3,62,50,49,70,30.28,30.69,30.23,0,0,0,0
609,9,19:52,41,43.8,44.8,39.7,31,28.20,28.4,31.2,67,54,52,71,30.29,30.69,30.24,0,0,0,0
610,9,20:52,42,42.8,43.5,39.4,30,29.30,29.3,31.3,62,59,57,73,30.3,30.7,30.25,0,0,0,0
611,9,21:52,40,41.9,42.3,38.3,31,28.70,29.8,30.4,70,59,61,73,30.3,30.71,30.25,0,0,0,0
612,9,22:52,39,39.9,41.9,38.2,32,28.80,27.6,30.4,76,64,57,73,30.3,30.71,30.25,0,0,0,0
613,9,23:52,37,40.5,41.4,37.6,31,27.40,28.2,29.3,79,60,59,72,30.29,30.69,30.23,0,0,0,0
614,10,0:52,37,39.7,40.6,37.4,29,27.60,27.4,29.4,73,62,59,73,30.3,30.7,30.24,0,0,0,0
615,10,1:52,37,38.9,39.1,36.1,30,27.50,27.4,28.5,76,64,63,74,30.31,30.72,30.26,0,0,0,0
616,10,2:52,34,37.3,37.9,35.2,28,27.30,27.4,28.6,79,67,66,77,30.32,30.72,30.27,0,0,0,0
617,10,3:52,34,37.4,38.1,35.4,28,27.00,27,28.2,79,66,64,75,30.32,30.72,30.26,0,0,0,0
618,10,4:52,34,37.5,37.6,35.3,28,25.70,25.7,27.4,79,63,62,72,30.31,30.72,30.27,0,0,0,0
619,10,5:52,34,37.0,36.9,34.9,28,23.60,24.1,25.7,79,59,60,69,30.33,30.74,30.28,0,0,0,0
620,10,6:52,33,36.4,36.5,34.7,25,22.50,22.4,24.7,72,57,56,67,30.35,30.75,30.29,0,0,0,0
621,10,7:52,36,37.2,37.1,35.1,26,21.30,21.3,24.4,67,53,52,65,30.35,30.76,30.3,0,0,0,0
622,10,8:52,38,38.9,39,37.5,24,20.60,20,23.5,57,48,46,57,30.37,30.77,30.32,0,0,0,0
623,10,9:52,39,39.7,39.5,39.2,25,21.10,21.7,24.5,57,47,49,55,30.38,30.78,30.32,0,0,0,0
624,10,10:52,40,40.2,40,39.5,24,22.70,23.3,25.8,53,50,51,58,30.38,30.79,30.33,0,0,0,0
625,10,11:52,41,42.5,41.8,41.8,25,25.10,24.5,27.7,53,50,50,57,30.35,30.76,30.3,0,0,0,0
626,10,12:52,43,44.9,44.2,44.9,27,26.10,26.7,29.4,53,48,50,54,30.35,30.75,30.29,0,0,0,0
627,10,13:52,44,44.4,44.2,44.7,28,26.80,26.9,30.4,53,50,50,57,30.33,30.74,30.28,0,0,0,0
628,10,14:52,44,45.1,44.5,44.4,29,28.70,27.9,30.8,55,53,52,59,30.32,30.72,30.27,0,0,0,0
629,10,15:52,45,45.4,44.8,44.6,30,28.90,28.9,31.9,56,52,53,61,30.32,30.72,30.27,0,0,0,0
630,10,16:52,44,44.9,44.4,43.3,31,30.30,29.4,31.8,60,57,55,64,30.32,30.72,30.27,0,0,0,0
631,10,17:52,44,44.7,44.1,43,31,30.00,29.8,32,60,57,57,65,30.32,30.72,30.27,0,0,0,0
632,10,18:52,44,44.6,44.1,43.1,32,30.50,30.6,32.9,63,58,59,67,30.32,30.73,30.28,0,0,0,0
633,10,19:52,44,44.2,43.8,42.8,33,31.40,31.8,33.6,65,61,63,70,30.33,30.74,30.29,0,0,0,0
634,10,20:52,44,44.2,43.5,42.8,33,32.60,32.9,34.1,65,64,66,71,30.33,30.73,30.28,0,0,0,0
635,10,21:52,44,43.8,43.3,42.6,34,34.10,34.2,35.4,68,68,70,76,30.31,30.72,30.26,0,0,0,0
636,10,22:52,43,43.8,43,42.4,35,34.50,34.5,35.8,74,70,72,77,30.31,30.72,30.26,0,0,0,0
637,10,23:52,43,43.7,42.8,42.3,35,35.20,34.7,35.9,74,72,73,78,30.3,30.7,30.25,0,0,0,0